theta0,theta1
49.799495077929485,-12.199699898416261
